date,price_usd
2017-01-02,997
2017-01-09,910
2017-01-16,822
2017-01-23,922
2017-01-30,912
2017-02-06,1011
2017-02-13,1001
2017-02-20,1051
2017-02-27,1180
2017-03-06,1271
2017-03-13,1228
2017-03-20,1011
2017-03-27,959
2017-04-03,1080
2017-04-10,1206
2017-04-17,1161
2017-04-24,1241
2017-05-01,1355
2017-05-08,1559
2017-05-15,1780
2017-05-22,2018
2017-05-29,2177
2017-06-05,2530
2017-06-12,2955
2017-06-19,2522
2017-06-26,2502
2017-07-03,2513
2017-07-10,2510
2017-07-17,1911
2017-07-24,2748
2017-07-31,2739
2017-08-07,3210
2017-08-14,4074
2017-08-21,4055
2017-08-28,4339
2017-09-04,4604
2017-09-11,4233
2017-09-18,3679
2017-09-25,3666
2017-10-02,4405
2017-10-09,4606
2017-10-16,5692
2017-10-23,5982
2017-10-30,6136
2017-11-06,7393
2017-11-13,5890
2017-11-20,8050
2017-11-27,9312
2017-12-04,11180
2017-12-11,15069
2017-12-18,18905
2017-12-25,13554
2018-01-01,13796
2018-01-08,16193
2018-01-15,13584
2018-01-22,11513
2018-01-29,11742
2018-02-05,8202
2018-02-12,8068
2018-02-19,10392
2018-02-26,9582
2018-03-05,11517
2018-03-12,9539
2018-03-19,8214
2018-03-26,8458
2018-04-02,6828
2018-04-09,7030
2018-04-16,8368
2018-04-23,8813
2018-04-30,9398
2018-05-07,9631
2018-05-14,8691
2018-05-21,8521
2018-05-28,7345
2018-06-04,7714
2018-06-11,6762
2018-06-18,6446
2018-06-25,6157
2018-07-02,6366
2018-07-09,6724
2018-07-16,6348
2018-07-23,7407
2018-07-30,8221
2018-08-06,7032
2018-08-13,6313
2018-08-20,6487
2018-08-27,6708
2018-09-03,7292
2018-09-10,6241
2018-09-17,6497
2018-09-24,6706
2018-10-01,6611
2018-10-08,6589
2018-10-15,6265
2018-10-22,6505
2018-10-29,6449
2018-11-05,6454
2018-11-12,6409
2018-11-19,5616
2018-11-26,4011
2018-12-03,4141
2018-12-10,3588
2018-12-17,3247
2018-12-24,3995
2018-12-31,3865
2019-01-07,4072
2019-01-14,3532
2019-01-21,3549
2019-01-28,3555
2019-02-04,3456
2019-02-11,3686
2019-02-18,3671
2019-02-25,3767
2019-03-04,3815
2019-03-11,3928
2019-03-18,3995
2019-03-25,3994
2019-04-01,4114
2019-04-08,5189
2019-04-15,5153
2019-04-22,5282
2019-04-29,5301
2019-05-06,5718
2019-05-13,6979
2019-05-20,8194
2019-05-27,8744
2019-06-03,8739
2019-06-10,7641
2019-06-17,8979
2019-06-24,10814
2019-07-01,10738
2019-07-08,11477
2019-07-15,10187
2019-07-22,10587
2019-07-29,9530
2019-08-05,10980
2019-08-12,11567
2019-08-19,10318
2019-08-26,10135
2019-09-02,9770
2019-09-09,10406
2019-09-16,10310
2019-09-23,10033
2019-09-30,8057
2019-10-07,7870
2019-10-14,8284
2019-10-21,8231
2019-10-28,9552
2019-11-04,9206
2019-11-11,9037
2019-11-18,8504
2019-11-25,6907
2019-12-02,7403
2019-12-09,7522
2019-12-16,7111
2019-12-23,7514
2019-12-30,7385
2020-01-06,7352
2020-01-13,8174
2020-01-20,8703
2020-01-27,8588
2020-02-03,9315
2020-02-10,10162
2020-02-17,9938
2020-02-24,9989
2020-03-02,8534
2020-03-09,8039
2020-03-16,5348
2020-03-23,5823
2020-03-30,5885
2020-04-06,6777
2020-04-13,6915
2020-04-20,7130
2020-04-27,7699
2020-05-04,8904
2020-05-11,8754
2020-05-18,9669
2020-05-25,8731
2020-06-01,9451
2020-06-08,9754
2020-06-15,9330
2020-06-22,9285
2020-06-29,9127
2020-07-06,9089
2020-07-13,9296
2020-07-20,9215
2020-07-27,9939
2020-08-03,11078
2020-08-10,11684
2020-08-17,11914
2020-08-24,11653
2020-08-31,11708
2020-09-07,10255
2020-09-14,10331
2020-09-21,10920
2020-09-28,10774
2020-10-05,10673
2020-10-12,11377
2020-10-19,11508
2020-10-26,13037
2020-11-02,13759
2020-11-09,15491
2020-11-16,15968
2020-11-23,18422
2020-11-30,18192
2020-12-07,19378
2020-12-14,19164
2020-12-21,23491
2020-12-28,26247
2021-01-04,33001
2021-01-11,38240
2021-01-18,35793
2021-01-25,32277
2021-02-01,33136
2021-02-08,38928
2021-02-15,48720
2021-02-22,57488
2021-03-01,45114
2021-03-08,51170
2021-03-15,59133
2021-03-22,57411
2021-03-29,55784
2021-04-05,58207
2021-04-12,59965
2021-04-19,56251
2021-04-26,49076
2021-05-03,56610
2021-05-10,58281
2021-05-17,46442
2021-05-24,34755
2021-05-31,35685
2021-06-07,35816
2021-06-14,39067
2021-06-21,35592
2021-06-28,34644
2021-07-05,35309
2021-07-12,34228
2021-07-19,31783
2021-07-26,35365
2021-08-02,40000
2021-08-09,43816
2021-08-16,47056
2021-08-23,49336
2021-08-30,48807
2021-09-06,51769
2021-09-13,46059
2021-09-20,47249
2021-09-27,43183
2021-10-04,48206
2021-10-11,54626
2021-10-18,61546
2021-10-25,60884
2021-11-01,61373
2021-11-08,63293
2021-11-15,65469
2021-11-22,58756
2021-11-29,57292
2021-12-06,49380
2021-12-13,50117
2021-12-20,46689
2021-12-27,50801
2022-01-03,47328
2022-01-10,41864
2022-01-17,43102
2022-01-24,36281
2022-01-31,37919
2022-02-07,42451
2022-02-14,42105
2022-02-21,38382
2022-02-28,37705
2022-03-07,38408
2022-03-14,37820
2022-03-21,41251
2022-03-28,46859
2022-04-04,46426
2022-04-11,42144
2022-04-18,39711
2022-04-25,39466
2022-05-02,38475
2022-05-09,34082
2022-05-16,31277
2022-05-23,30279
2022-05-30,29449
2022-06-06,29901
2022-06-13,26593
2022-06-20,20540
2022-06-27,21020
2022-07-04,19289
2022-07-11,20835
2022-07-18,20774
2022-07-25,22582
2022-08-01,23326
2022-08-08,23174
2022-08-15,24315
2022-08-22,21521
2022-08-29,19550
2022-09-05,19995
2022-09-12,21795
2022-09-19,19416
2022-09-26,18808
2022-10-03,19050
2022-10-10,19442
2022-10-17,19266
2022-10-24,19566
2022-10-31,20629
2022-11-07,20920
2022-11-14,16310
2022-11-21,16260
2022-11-28,16420
2022-12-05,17118
2022-12-12,17099
2022-12-19,16746
2022-12-26,16827
2023-01-02,16614
2023-01-09,17108
2023-01-16,20881
2023-01-23,22724
2023-01-30,23756
2023-02-06,22937
2023-02-13,21787
2023-02-20,24290
2023-02-27,23563
2023-03-06,22428
2023-03-13,22205
2023-03-20,28046
2023-03-27,28000
2023-04-03,28185
2023-04-10,28336
2023-04-17,30315
2023-04-24,27591
2023-05-01,29264
2023-05-08,28457
2023-05-15,26926
2023-05-22,26757
2023-05-29,28083
2023-06-05,27125
2023-06-12,25933
2023-06-19,26337
2023-06-26,30459
2023-07-03,30618
2023-07-10,30215
2023-07-17,30240
2023-07-24,30082
2023-07-31,29275
2023-08-07,29041
2023-08-14,29284
2023-08-21,26190
2023-08-28,26089
2023-09-04,25969
2023-09-11,25833
2023-09-18,26537
2023-09-25,26253
2023-10-02,27984
2023-10-09,27937
2023-10-16,27168
2023-10-23,29991
2023-10-30,34532
2023-11-06,35048
2023-11-13,37059
2023-11-20,37396
2023-11-27,37469
2023-12-04,39976
2023-12-11,43788
2023-12-18,41342
2023-12-25,43013
2024-01-01,42250
2024-01-08,43928
2024-01-15,41716
2024-01-22,41558
2024-01-29,42031
2024-02-05,42576
2024-02-12,48302
2024-02-19,52129
2024-02-26,51728
2024-03-04,63168
2024-03-11,69027
2024-03-18,68359
2024-03-25,67226
2024-04-01,71332
2024-04-08,69374
2024-04-15,65735
2024-04-22,64950
2024-04-29,63113
2024-05-06,64045
2024-05-13,61449
2024-05-20,66266
2024-05-27,68487
2024-06-03,67752
2024-06-10,69645
2024-06-17,66637
2024-06-24,63167
2024-07-01,62676
2024-07-08,55849
2024-07-15,60798
2024-07-22,68156
2024-07-29,68257
2024-08-05,58116
2024-08-12,58717
2024-08-19,58446
2024-08-26,64328
2024-09-02,57323
2024-09-09,54857
2024-09-16,59137
2024-09-23,63626
2024-09-30,65621
2024-10-07,62815
2024-10-14,62843
2024-10-21,69012
2024-10-28,67939
2024-11-04,68744
2024-11-11,80478
2024-11-18,89829
2024-11-25,98043
2024-12-02,97274
2024-12-09,101180
2024-12-16,104342
2024-12-23,95095
2024-12-30,93536
2025-01-06,98319
2025-01-13,94478
2025-01-20,101217
2025-01-27,102593
2025-02-03,97676
2025-02-10,96487
2025-02-17,96176
2025-02-24,96275
2025-03-03,94256
2025-03-10,80669
2025-03-17,82582
2025-03-24,86057
2025-03-31,82338
2025-04-07,78372
2025-04-14,83710
2025-04-21,85173
2025-04-28,93782
2025-05-05,94312
2025-05-12,104131
2025-05-19,106425
2025-05-26,109029
2025-06-02,105701
2025-06-09,105771
2025-06-16,105559
2025-06-23,100998
2025-06-30,108386
2025-07-07,109224
2025-07-14,119095
2025-07-21,117316
2025-07-28,119462
2025-08-04,114227
2025-08-11,119295
2025-08-18,117456
2025-08-25,113468
2025-09-01,108235
2025-09-08,111175
2025-09-15,115385
2025-09-22,115317
2025-09-29,112177
2025-10-06,123519
2025-10-13,115105
2025-10-20,108688
2025-10-27,114532
2025-11-03,110602
2025-11-10,104712
2025-11-17,94188
2025-11-24,86787
2025-12-01,90376
2025-12-08,90455
2025-12-15,88166
2025-12-22,88616
2025-12-29,87835
2026-01-05,91468
2026-01-12,90818
2026-01-19,93665
2026-01-26,86571
2026-02-02,76880
2026-02-09,70285
2026-02-16,68785
2026-02-23,67615
2026-03-02,65762
2026-03-09,65941
2026-03-16,72820
2026-03-23,67850
2026-03-30,65957
2026-04-06,68997
2026-04-13,70768
2026-04-20,73857
2026-04-27,78649
2026-05-04,78543
2026-05-11,82146
2026-05-18,77409
2026-05-25,76985
2026-06-01,73571
2026-06-08,63275
2026-06-15,65713
2026-06-22,63235
2026-06-29,59497
2026-07-06,63572
2026-07-13,63744
2026-07-20,64682
2026-07-27,65335
2026-08-03,63487
2026-08-10,64855
2026-08-17,62826
2026-08-24,77701
2026-08-31,77690
2026-09-07,80341
2026-09-14,76830
2026-09-21,81136
2026-09-28,84444
